[
  {
    "id": "d60dd067-dff6-4a10-9d78-0ced4f912027",
    "data": [
      {
        "text": "When do you close",
        "userDefined": false
      }
    ],
    "isTemplate": false,
    "count": 0,
    "updated": 0
  },
  {
    "id": "f7af9538-a0e5-44f9-a4b1-7e8729ada79f",
    "data": [
      {
        "text": "What times are you open",
        "userDefined": false
      }
    ],
    "isTemplate": false,
    "count": 0,
    "updated": 0
  },
  {
    "id": "88c538ef-cc98-47d8-93be-7c08ad74d41a",
    "data": [
      {
        "text": "What\u0027s your opening hours",
        "userDefined": false
      }
    ],
    "isTemplate": false,
    "count": 0,
    "updated": 0
  },
  {
    "id": "967359ec-4c0d-46fb-8eca-690c7f38a61e",
    "data": [
      {
        "text": "When are you open",
        "userDefined": false
      }
    ],
    "isTemplate": false,
    "count": 0,
    "updated": 0
  },
  {
    "id": "7249ae64-cdec-4a89-866b-4ecc47df15e1",
    "data": [
      {
        "text": "Opening hours",
        "userDefined": false
      }
    ],
    "isTemplate": false,
    "count": 0,
    "updated": 0
  }
]