[
  {
    "id": "efc121c0-0216-4372-bff7-ff1edbb640e9",
    "data": [
      {
        "text": "Can I order pizza please",
        "userDefined": false
      }
    ],
    "isTemplate": false,
    "count": 0,
    "updated": 0
  },
  {
    "id": "c824b603-ddf0-4d7d-bd0e-6afe265c8333",
    "data": [
      {
        "text": "I want to order pizza",
        "userDefined": false
      }
    ],
    "isTemplate": false,
    "count": 0,
    "updated": 0
  },
  {
    "id": "262423c5-ea6c-457a-8077-5334210f3acf",
    "data": [
      {
        "text": "Order pizza",
        "userDefined": false
      }
    ],
    "isTemplate": false,
    "count": 0,
    "updated": 0
  },
  {
    "id": "e5e26050-d3c4-447d-a1c8-7f36db5e18bd",
    "data": [
      {
        "text": "Order",
        "userDefined": false
      }
    ],
    "isTemplate": false,
    "count": 0,
    "updated": 0
  }
]