[
  {
    "id": "3f0a0ba7-0ee0-40e6-8b59-15a882341def",
    "data": [
      {
        "text": "I want to see the menu",
        "userDefined": false
      }
    ],
    "isTemplate": false,
    "count": 0,
    "updated": 0
  },
  {
    "id": "c3b235ee-e023-43d6-a09b-e171c76a1b71",
    "data": [
      {
        "text": "Show me the menu",
        "userDefined": false
      }
    ],
    "isTemplate": false,
    "count": 0,
    "updated": 0
  },
  {
    "id": "0a8d7dc0-0bda-4404-a90b-9bf472f366ad",
    "data": [
      {
        "text": "See menu",
        "userDefined": false
      }
    ],
    "isTemplate": false,
    "count": 0,
    "updated": 0
  },
  {
    "id": "53b55c07-f0a3-427e-92e2-5af68ec2c4b9",
    "data": [
      {
        "text": "Check the menu",
        "userDefined": false
      }
    ],
    "isTemplate": false,
    "count": 0,
    "updated": 0
  }
]