[
  {
    "id": "214a4287-37e9-454f-a770-9ee5adf736f4",
    "data": [
      {
        "text": "One vesuvio",
        "alias": "QuantityAndPizza",
        "meta": "@QuantityAndPizza",
        "userDefined": false
      },
      {
        "text": " and ",
        "userDefined": false
      },
      {
        "text": "two vegetale",
        "alias": "QuantityAndPizza",
        "meta": "@QuantityAndPizza",
        "userDefined": false
      },
      {
        "text": " please",
        "userDefined": false
      }
    ],
    "isTemplate": false,
    "count": 0,
    "updated": 0
  },
  {
    "id": "b3ee5f6a-1833-4975-b055-6b88fe9e19ce",
    "data": [
      {
        "text": "I want to order ",
        "userDefined": false
      },
      {
        "text": "one vesuvio",
        "alias": "QuantityAndPizza",
        "meta": "@QuantityAndPizza",
        "userDefined": false
      }
    ],
    "isTemplate": false,
    "count": 0,
    "updated": 0
  },
  {
    "id": "13b3076d-f523-4e8e-92ca-85549499d1d9",
    "data": [
      {
        "text": "A ",
        "userDefined": false
      },
      {
        "text": "funghi",
        "alias": "QuantityAndPizza",
        "meta": "@QuantityAndPizza",
        "userDefined": false
      },
      {
        "text": " and a ",
        "userDefined": false
      },
      {
        "text": "calzone",
        "alias": "QuantityAndPizza",
        "meta": "@QuantityAndPizza",
        "userDefined": true
      }
    ],
    "isTemplate": false,
    "count": 1,
    "updated": 0
  },
  {
    "id": "8d3706ee-1b6c-41b7-90ca-057cd1697481",
    "data": [
      {
        "text": "vesuvio",
        "alias": "QuantityAndPizza",
        "meta": "@QuantityAndPizza",
        "userDefined": false
      }
    ],
    "isTemplate": false,
    "count": 0,
    "updated": 0
  }
]