[
  {
    "value": "Vesuvio",
    "synonyms": [
      "Vesuvio"
    ]
  },
  {
    "value": "Margherita",
    "synonyms": [
      "Margherita",
      "Margerita",
      "Margarita"
    ]
  },
  {
    "value": "Funghi",
    "synonyms": [
      "Funghi"
    ]
  },
  {
    "value": "Capricciosa",
    "synonyms": [
      "Capricciosa"
    ]
  },
  {
    "value": "Hawaii",
    "synonyms": [
      "Hawaii"
    ]
  },
  {
    "value": "Calzone",
    "synonyms": [
      "Calzone"
    ]
  },
  {
    "value": "Vegetale",
    "synonyms": [
      "Vegetale"
    ]
  }
]